v3,03/Jun/2026,08:18:26,UTC

SCRIPT
Name,Regress PRO EN
Description,
Created,21/Jun/2023,11:48:17

REPORT COMMENTS
(none)

,,,show,number
,,,show,tester
,,,show,date
,,,hide,time
,,,hide,tag filter
,,,show,build
""
,,,,pass
,,,,fail
,,,,blocked
,,,,tried

number,indent,text,tags,notes
1,1,Onboarding,,
2,2,Icons and text are displayed correctly,,
3,2,"Tapping ""Get started"" opens the bottom sheet for connecting a wallet",,
4,1,,,
5,1,Add wallet,,
6,2,New wallet,,
7,3,"When switching between the ""Grab a pen and a piece of paper"" and ""Your recovery phrase"" steps, the key values stay unchanged",,
8,3,"When switching between the ""Your recovery phrase"" and ""So, let’s check"" steps, the values in the ""So, let’s check"" inputs change and the inputs are cleared",,
9,3,Field validation when moving to the next field,,
10,3,"The ""Continue"" button is not active until all fields are filled",,
11,3,It is possible to set a password for confirming payments and accessing the wallet,,
12,3,"If the password does not meet the minimum requirements, the corresponding error is displayed",,"- не менее 6 символов

- пароль 1 = пароль 2"
13,3,"If the second password does not match the first, the corresponding error is displayed",,
14,3,"The wallet can be customized (name, icon/color). By default the name is ""Account N"" and an auto-generated wallet icon is used",,
15,3,"After completing all steps, the wallet creation success screen appears, onboarding closes on its own and returns to the entry point",,
16,3,A W5 wallet is created by default,,
17,3,Wallet initialization happens together with the first outgoing transaction,,
18,3,,,
19,2,New multi-wallet account,,
20,3,"The creation flow is the same as ""New wallet""",,
21,3,Additional wallets can be added by tapping the gear icon next to the wallet name -> Add new wallet,,
22,3,All multi-wallets are available under one seed phrase,,
23,2,,,
24,2,Import wallet,,
25,3,It is possible to enter a secret key of 24 or 12 words,,
26,3,24 words are selected by default,,
27,3,There is a checksum check (test*24 or test*12),,
28,3,Words can be entered one by one from the keyboard,,
29,3,All words can be pasted as a list,,
30,3,Field validation when moving to the next field,,
31,3,"The ""Incorrect phrase"" error appears if at least one field has a validation error / the word is entered incorrectly",,
32,3,Password setup and customization steps are the same as when creating a wallet,,
33,3,W5 is always imported + older wallet versions are offered for import if they have funds,,
34,3,It is possible to import existing multisig (PRO subscription) and multi-wallet accounts as well,,
35,2,,,
36,2,Watch only,,
37,3,It is possible to add a wallet by address/DNS,,
38,3,"On the main screen only the ""Receive"" and ""Buy"" button is available",,
39,3,There is a Watch only badge near the address and on receive screen,,
40,3,"Battery, seed phrase are hidden",,
41,3,"When connecting to ton connect, there is an error: ""The operation is not available for this wallets. Select another wallet and try again.""",,
42,3,,,
43,2,Hardware wallets,,
44,3,Pair with Signer ,,
45,4,It is possible to connect Signer by QR code,,
46,4,It is possible to connect Signer by deep link (when Signer and Tonkeeper PRO is on one mobile device),,
47,4,There is a Signer badge next to address,,
48,4,"Battery, Back up, Gasless, TRON address generation are hidden",,
49,4,"It is possible to send a regular TON, Jetton, NFT transaction (fee in TON)",,
50,4,It is possible to connect to a DApp WITHOUT tonproof and sign a ton connect transaction,,
51,4,It is possible to make a native Omniston swap (Swap button on the main screen),,
52,4,It is possible to confirm stake deposit/withdrawal,,
53,4,"It is possible to renew DNS, TG Username",,
54,3,,,
55,3,Pair with Ledger,,
56,4,Connects by USB,,
57,4,Generates 10 addresses by default,,
58,4,Addresses with available balance are preselected when importing,,
59,4,There is a Ledger badge next to address,,
60,4,"Battery, Back up, Gasless, TRON address generation are hidden",,
61,4,"It is possible to send a regular TON, Jetton, NFT transaction (fee in TON)",,
62,4,It is possible to connect to a DApp with tonproof and sign a ton connect transaction,,
63,4,It is possible to make a native Omniston swap (Swap button on the main screen),,
64,4,It is possible to confirm stake deposit/withdrawal,,
65,4,"It is possible to renew DNS, TG Username",,
66,3,,,
67,3,Pair with keystone,,
68,4,Connects by QR,,
69,4,There is a Keystone badge next to address,,
70,4,"Battery, Back up, Gasless, TRON address generation are hidden",,
71,4,"For onramps/exchange, USDT TRC20 deposit/withdrawal is hidden (because the address cannot be passed)",,
72,4,"It is possible to send a regular TON, Jetton, NFT transaction (fee in TON)",,
73,4,It is possible to connect to a DApp with tonproof and sign a ton connect transaction,,
74,4,It is possible to make a native Omniston swap (Swap button on the main screen),,
75,4,It is possible to confirm stake deposit/withdrawal,,
76,4,"It is possible to renew DNS, TG Username",,
77,4,,,
78,2,Other options,,
79,3,Testnet account,,
80,4,It is possible to add by seed phrase,,
81,4,"On the main screen only the ""Send"", ""Multi Send"" and ""Receive"" buttons are available",,
82,4,There is a Testnet badge,,
83,4,Transactions are sent on testnet,,
84,2,,,
85,1,Wallet version management,,
86,2,Main screen -> gear icon next to the wallet name (appears on hover),,
87,2,A wallet version can be hidden or added,,
88,1,,,
89,1,Wallet management,,
90,2,Preferences  -> Manage wallets,,
91,2,Manage wallets screen,,
92,3,"All connected wallets are displayed: their names, address, version",,
93,3,"A wallet can be dragged to any position in the list using the ""three lines"" handle",,
94,3,The position is remembered,,
95,2,"Next to the wallet there is a ""three dots"" menu",,
96,3,Rename: wallet customization can be changed,,
97,3,Backup,,
98,4,Opens the screen with the secret phrase for the selected wallet,,
99,4,Password is required to show the secret phrase,,
100,4,The Copy button saves the phrase to the clipboard,,
101,3,Delete Account,,
102,4,Opens the wallet sign-out confirmation screen,,
103,4,"The Sign out button is inactive until the user checks ""I have a backup copy of recovery phrase""",,
104,4,The Back up now button opens the screen with the secret phrase,,
105,4,Password is required to show the secret phrase,,
106,4,The wallet that was signed out of disappears from the wallet list,,
107,1,,,
108,1,Main screen,,
109,2,"On the left, a list of all connected wallets with their names, addresses, and versions is displayed",,
110,2,"At the top, the correct total balance of the selected wallet in fiat is displayed (TON + jettons)",,
111,1,Buy +,,
112,2,Available onramps are displayed,,
113,2,"The ""Other ways to buy"" button leads to the TON Community Telegram channel (EN: @toncoin / RU: @toncoin_rus)",,
114,2,Warning screen,,
115,3,Warning about opening an external app with working links to Terms of Use and Privacy Policy,,
116,3,"Opens on the first visit and if ""Do not show again"" is not selected",,
117,1,Receive ↓,,
118,2,"Opens the ""Receive {{token}}"" screen",,
119,2,It is possible to switch tabs between TON and TRC20 addresses,,
120,2,"If TRC20 is not on the balance, the first time the user opens the TRC20 tab, enabling it is suggested",,
121,2,The network address is shown correctly,,
122,2,The QR code contains a deeplink with the correct address,,
123,3,ton://transfer/{{address}} for TON,,
124,3,{{address}} for TRON,,
125,3,ton://transfer/{{address}}&jetton={{jetton_master}} for other TON tokens (available from the token screen),,
126,2,"It is possible to copy the address by tapping on the QR, address or Copy",,
127,2,It is possible to share the address in Telegram,,
128,1,,,
129,1,Send TON,,
130,2,ctrl+c/ctrl+v works in all fields,,
131,2,Send screen,,
132,3,Address,,
133,4,It is possible to enter [TON wallet address] OR [dns] OR [tg username],,
134,4,Validation works if the address field is filled incorrectly,,
135,3,Comment,,
136,4,It is possible to enter letters/numbers/special characters/emojis,,
137,4,There is no limit on the number of characters in the comment,,
138,4,"If the transfer is to an exchange address, an orange warning is shown and the user cannot proceed to the next screen",,
139,3,Amount,,
140,4,Currency selection,,
141,5,TON currency is displayed by default,,
142,5,"If the entry point was the token screen, the selected token is displayed for sending",,
143,5,It is possible to change the sending currency on the amount input screen,,
144,5,Reset the amount when switching the token if it was previously entered,,
145,5,"When switching to a token with a different number of decimal places, verify that the correct amount is sent",,
146,4,"""Amount"" field",,
147,5,"Integer and fractional amounts can be entered. Up to 24 characters total (including the separator). After the decimal point, at most as many digits as the token allows (TON = 9, USDT = 6)",,
148,5,Validation error when entering > current balance,,
149,5,"It is possible to enter the entire balance by pressing ""Maximum"" or by hand",,
150,5,"The ""Available:"" value decreases after entering the amount",,
151,5,"It is possible to specify the amount in fiat, there is a swap button to switch",,
152,5,Tapping Continue opens the transaction confirmation screen,,
153,3,"The ""Continue"" button is not active until the ""Address or domain"" and ""Amount"" fields are filled",,
154,2,Confirm transaction screen,,
155,3,The name of the wallet you are sending from is displayed,,
156,3,"If transferring to a favorite contact or via DNS, the ""Recipient"" field with the name is displayed",,
157,3,"For tokens - the sending amount is indicated in tokens, the fee in TON",,
158,3,For all amounts the conversion to fiat is displayed,,
159,3,"The recipient address, transfer amount and fee are displayed",,
160,3,The address and dns name of the recipient can be copied,,
161,3,"After tapping ""Confirm and send"", PIN or biometric confirmation opens",,
162,3,"After entering the PIN or biometrics, the History screen opens (same for other transactions)",,
163,1,,,
164,2,Scaled UI tokens,,
165,3,The scaled_ui jetton balance is displayed scaled: balance * numerator / denominator,,
166,3,"When sending the jetton, the user enters a scaled amount, but the unscaled amount is sent on-chain",,
167,3,History shows the scaled amount,,
168,4,in token-specific history,,
169,4,in general history,,
170,3,,,
171,2,Send USDT TRC20,,
172,3,It is possible to enter/scan/paste a TRON wallet address,,
173,3,Only USDT TRC20 can be sent; the flow is similar to Send TON,,
174,3,"USDT TRC20 can be sent for battery, TON and TRX",,
175,3,"On the USDT TRC20 screen, the ""N Transfers available"" line is shown. The transfer count is calculated correctly.",,
176,3,If there are not enough funds for fees,,
177,4,"Available fee payment methods are listed: Battery, TON, TRX",,
178,4,Required values per one transfer is shown correctly,,
179,4,Refill Battery -> opens the Battery screen,,
180,4,Refill TON -> opens the Receive Toncoin screen,,
181,4,Refill TRX -> opens the Receive Tron TRX screen,,
182,3,,,
183,3,Insufficient balance for an action or transaction,,
184,4,"The ""Not enough funds"" screen is displayed",,
185,3,,,
186,2,Swap Omniston,,
187,3,The user can enter an amount in the Send/Receive fields,,
188,3,"While waiting for Omniston, a loader spins on the Continue button and the rate is shown in gray with animation",,
189,3,"After the response arrives, the loader disappears and the Omniston rate is shown in white as usual",,
190,3,Tapping Continue,,
191,4,the client unsubscribes from new swap events,,
192,3,The Send/Receive toggle swaps amount and token completely [bug],,
193,3,The user can set maximum,,
194,3,"For the TON-token pair, the maximum will be reduced by the fee amount",,
195,3,Token selection (swaps are only inside TON):,,
196,4,The TON assets/Other crypto labels are not shown yet,,
197,4,All tokens are shown in one list without collapsing,,
198,4,"For Send: balance is shown next to each token; sort order is TON first, then by balance descending",,
199,4,For Receive: full name is shown next to each token; sort order matches the backend,,
200,4,Token search works:,,
201,5,"Before search starts, the full token list is shown",,
202,5,Search starts from one character,,
203,5,A stub is shown if nothing is found,,
204,4,The approximate exchange rate is shown on two lines,,
205,3,Confirm Swap screen,,
206,4,A timer on the slider shows time left before signing (provider quote expires),,
207,4,"When the timer expires -> error ""Swap expired..."" is shown",,
208,4,"After confirmation, the success screen appears, then navigation to general or token-specific history (depending on entry point)",,
209,4,The provider is always shown as Omniston (value from the backend),,
210,2,,,
211,2,Staking Screen,,
212,3,Tonstakers,,
213,4,"Feature: after sending a TON deposit, an equivalent amount of tsTON tokens arrives on the balance",,
214,4,tsTON can be sent/swapped like a regular token,,
215,5,From the pool screen → tsTON,,
216,5,Standard sending flow → choose tsTON in the token list,,
217,3,"Deposit - ""Stake""",,
218,4,Tonstakers: minimum 2.2 TON (from 1 TON we can stake; 1.2 TON we force to leave on the balance to cover fees) [the 1.2 TON fee checks have not been done yet],,
219,3,"The value of staked funds is displayed in TON and fiat next to the pool name (in the token list, on the pool screen)",,
220,3,"Withdrawal request - ""Unstake""",,
221,4,"Information about the next cycle is displayed, the time changes in real time",,
222,4,The user can request withdrawal of part or all funds,,
223,3,Withdrawal ready,,
224,4,Tonstakers -> TON arrives on the balance automatically,,
225,4,,,
226,1,,,
227,1,Tokens,,
228,2,The correct exchange rate is displayed for TON and jettons,,
229,2,The list of visible jettons can be set in Settings (Manage tokens),,
230,2,Jettons can be sorted by dragging,,
231,2,"By default, blacklist tokens are hidden",,"white list
https://github.com/ton-community/ton-assets/tree/main/jettons"
232,2,Tapping TON opens the Toncoin screen,,
233,2,Tapping <token> opens the <token> screen,,
234,2,<jetton> or TON screen,,
235,3,The correct balance is displayed (only for tokens for which a rate comes from tonapi),,
236,3,Send and receive flows work according to the TON send and receive rules,,
237,2,"Transaction history is displayed correctly, only transactions for the specific jetton",,
238,1,,,
239,1,Collectibles,,
240,2,"If there are no NFTs, the Collectibles tab is not displayed",,
241,2,"The NFT list is displayed correctly, with all images",,
242,2,"NFTs are sorted by [the NFT interacted with last is on top, as returned from tonapi]",,
243,2,Tapping an NFT opens the NFT description block,,
244,3,"Name, image, description",,
245,3,Verified NFT collections have a checkmark icon next to the name,,
246,3,"The ""View on nft market"" button works correctly",,
247,3,"The ""View in explorer"" / ""View details"" button opens tonviewer.com",,
248,3,"The ""Collapse"" button",,
249,3,"The ""Send NFT"" button",,
250,4,Opens the send flow,,
251,4,"The ""Wallet address"" input accepts a TON network wallet, Favorite name, DNS, or TG username",,
252,4,"After confirming the send, the send status appears at the bottom of the screen",,
253,2,,,
254,2,DNS & TG usernames,,
255,3,All DNS entries are moved to a separate Domains tab,,
256,3,Transfer works,,
257,3,Domain linking works,,
258,4,It is possible to link to your own address,,
259,4,It is possible to link to someone else's address,,
260,4,It is possible to unlink,,
261,3,Domain renewal works (for 1 year = 366 days),,
262,3,If 30 or fewer days remain until domain lease expiration -> the text under the button turns red + a fire icon appears in the NFT grid on the main screen,,
263,2,TG Username,,
264,3,Works the same as DNS (except renewal),,
265,3,,,
266,2,NFT on sale,,
267,3,NFTs on sale are marked with the ON SALE badge in the NFT grid and on the NFT screen,,
268,3,"Send, Link, and Renew buttons are inactive if the NFT is on sale",,
269,1,,,
270,1,History screen,,
271,2,Transaction history,,
272,3,"If transactions are less than a month old, they are grouped by day; if older, by month",,
273,3,All old transactions are loaded,,
274,3,All related transactions are split into blocks like on tonapi.io,,
275,3,"All transactions appear in history in the background - first pending, then completed (or completed immediately if the transaction was fast)",,
276,3,Transaction details open (fiat conversion is shown),,
277,3,"Incoming (TON, Token, NFT)",,
278,4,"Icon, amount, sender address, comment",,
279,4,"In the bottom sheet: amount, send date, sender, transaction address, fee, comment",,
280,4,Recipient address and transaction hash can be copied,,
281,4,"Spam transactions have a SPAM badge, the comment is hidden",,"Спам транзакция имеет флаг is_scam = true

Бекэнд смотрит на текст, сумму, количество исходящих транзакций у отправителя и то, есть ли он в блэклисте, чтобы определить присвоить ли флаг."
282,3,"Outgoing (TON, Token, NFT)",,
283,4,"Icon, amount, fee, recipient address, comment",,
284,4,"In the bottom sheet: amount, send date, recipient address, transaction address, fee, comment",,
285,4,Full recipient address and transaction hash can be copied,,
286,3,Tapping an NFT image in history opens the NFT screen,,
287,3,The View Transaction button on transaction details opens Tonviewer.com,,
288,1,,,
289,1,Ton Connect 2.0,,
290,2,Connection to service,,"Демо-дапп для тестов https://ton-connect.github.io/demo-dapp-with-react-ui/


https://tonconnect-sdk-demo-dapp-no-qa.vercel.app/
https://tonconnect-sdk-demo-dapp.vercel.app/

QA использует стейдж воллет лист и отправляет транзы с ошибками
no QA это прод окружение, т.е. прод воллеты и не отправляет транзу если есть ошибки"
291,3,Through desktop/mobile/TWA browser,,
292,3,Does not disconnect after a page refresh or when the app is closed and reopened,,
293,2,Working with a service,,
294,3,Action confirmation from the extension,,
295,4,The transaction bottom sheet opens automatically,,
296,4,The transaction completes successfully after confirmation,,
297,4,A cancellation message appears in the dApp if the transaction is cancelled in the wallet,,
298,3,The transaction is emulated correctly,,
299,2,Disconnecting from a service,,
300,3,"When disconnecting a dApp, the bridge connection is closed",,
301,3,,,
302,1,Preferences,,
303,2,Security,,
304,3,Lock Screen -> on/off,,
305,3,"When enabled, password/biometrics are requested on first app open",,
306,3,Change PIN code -> the old PIN code no longer works,,
307,3,Biometrics -> enables biometrics,,
308,3,Reset security settings -> allows resetting the password,,
309,2,Primary currency,,
310,3,The current currency is displayed,,
311,3,A new screen with a list of currencies opens,,
312,3,"Changing the currency -> changes it everywhere (main screen, send amount screen, TON balance)",,
313,2,Write to team -> opens the mail app with prefilled support email,,
314,2,Legal documents,,
315,2,Support -> Opens the Telegram bot @tonkeeper,,
316,2,Tonkeeper news -> RU/EN locale (@tonkeeper_ru / @tonkeeper_news),,
317,2,,,
318,1,Settings,,
319,2,Backup,,
320,3,Recovery phrase is displayed,,
321,3,Copy -> copies the Recovery phrase,,
322,2,Sign out,,
323,3,Opens the wallet sign-out confirmation screen,,
324,3,"The Sign out button is inactive until the user checks ""I have a backup copy of recovery phrase""",,
325,3,The Back up now button opens the screen with the secret phrase,,
326,3,Password is required to show the secret phrase,,
327,3,The wallet that was signed out of disappears from the wallet list,,
328,2,2FA,,
329,3, It is possible to enable 2FA for signing transactions via Telegram,,
330,3,Telegram account is linked successfully,,
331,3,A transaction can be confirmed in Telegram -> the transaction is signed and sent to blockchain,,
332,3,It is no longer possible to sign a transaction without confirming it in Telegram,,
333,3,It is no longer possible to sign a transaction without confirming it in Telegram,,
334,3,2FA can be unlinked -> verify that unlinking succeeded and transactions can now be signed without Telegram,,
335,2,,,
336,2,Import by Private key,,
337,3,It is possible to import a wallet by private key (enabled in the dev menu),,
338,2,,,
339,2,Deeplinks / QR code scanner,,
340,3,The scanner works from the address input screen (send flow),,
341,3,The browser requests camera access,,
342,3,"If access is not granted, the camera is dark (a placeholder can be added)",,
343,3,Transfer,,
344,4,ton://transfer/:walletid,,"Opens the pre-filled Send screen and offers user to enter the missing data
ton://transfer/<address>?amount=<nanocoins>&text=<url-encoded-utf8-text>

примеры:

ton://transfer/EQD2NmD_lH5f5u1Kj3KfGyTvhZSX0Eg6qp2a5IQUKXxOG21n

ton://transfer/EQD2NmD_lH5f5u1Kj3KfGyTvhZSX0Eg6qp2a5IQUKXxOG21n?amount=10000

ton://transfer/EQD2NmD_lH5f5u1Kj3KfGyTvhZSX0Eg6qp2a5IQUKXxOG21n?text=just%20message

ton://transfer/EQD2NmD_lH5f5u1Kj3KfGyTvhZSX0Eg6qp2a5IQUKXxOG21n?amount=7000&text=just%20message"
345,4,tonkeeper://transfer/:walletid,,"Opens the pre-filled Send screen and offers user to enter the missing data
tonkeeper://transfer/<address>?amount=<nanocoins>&text=<url-encoded-utf8-text>

примеры:

tonkeeper://transfer/EQD2NmD_lH5f5u1Kj3KfGyTvhZSX0Eg6qp2a5IQUKXxOG21n

tonkeeper://transfer/EQD2NmD_lH5f5u1Kj3KfGyTvhZSX0Eg6qp2a5IQUKXxOG21n?amount=10000

tonkeeper://transfer/EQD2NmD_lH5f5u1Kj3KfGyTvhZSX0Eg6qp2a5IQUKXxOG21n?text=just%20message

tonkeeper://transfer/EQD2NmD_lH5f5u1Kj3KfGyTvhZSX0Eg6qp2a5IQUKXxOG21n?amount=7000&text=just%20message
"
346,4,https://app.tonkeeper.com/transfer/:walletid,,"Opens the pre-filled Send screen and offers user to enter the missing data
https://app.tonkeeper.com/transfer/<address>?amount=<nanocoins>&text=<url-encoded-utf8-text>

примеры:

https://app.tonkeeper.com/transfer/EQD2NmD_lH5f5u1Kj3KfGyTvhZSX0Eg6qp2a5IQUKXxOG21n

https://app.tonkeeper.com/transfer/EQD2NmD_lH5f5u1Kj3KfGyTvhZSX0Eg6qp2a5IQUKXxOG21n?amount=10000

https://app.tonkeeper.com/transfer/EQD2NmD_lH5f5u1Kj3KfGyTvhZSX0Eg6qp2a5IQUKXxOG21n?text=just%20message

https://app.tonkeeper.com/transfer/EQD2NmD_lH5f5u1Kj3KfGyTvhZSX0Eg6qp2a5IQUKXxOG21n?amount=7000&text=just%20message"
347,4,https://app.tonkeeper.com/transfer/:walletid?jetton=:address (also works with ton:// and tonkeeper://),,"Трансфер жетонов 

https://app.tonkeeper.com/transfer/EQD2NmD_lH5f5u1Kj3KfGyTvhZSX0Eg6qp2a5IQUKXxOG21n?jetton=EQDlBqGI2r44jpnhYfEiJahU8b7Zoo3no13l6Q9H-AIJbAgo&amount=200000000

ton://transfer/EQD2NmD_lH5f5u1Kj3KfGyTvhZSX0Eg6qp2a5IQUKXxOG21n?jetton=EQDlBqGI2r44jpnhYfEiJahU8b7Zoo3no13l6Q9H-AIJbAgo&amount=200000000

tonkeeper://transfer/EQD2NmD_lH5f5u1Kj3KfGyTvhZSX0Eg6qp2a5IQUKXxOG21n?jetton=EQDlBqGI2r44jpnhYfEiJahU8b7Zoo3no13l6Q9H-AIJbAgo
"
348,4,"Different parameters can be filled in (amount, recipient, comment) *link examples are added in notes next to the deeplinks",,
349,4,All parameters are set in the corresponding fields,,
350,3,"When scanning an invalid/unsupported QR code - toast ""Unexpected QR Code""",,
351,2,,,
352,2,PRO Subscription,,
353,3,It is possible to subscribe with Get Tonkeeper PRO,,
354,3,Or it offers to subscribe when trying to use a PRO feature,,
355,3,"After payment, the subscription is activated successfully",,
356,3,The subscription can be cancelled in Settings -> Tonkeeper PRO -> Transfers,,
357,3,Recurring crypto payments (crypto subscription plugin),,"Дизайн - https://www.figma.com/design/JpzZCwMgxSCHkHeQGiaQXu/Tonkeeper?node-id=66929-115756&t=oEKLT3YiUpnPZTIH-0
https://github.com/tonkeeper/tonkeeper-web/pull/481"
358,4,iOS: Preferences => get TK Pro => Payment method 2 options: App Store & Crypto,,
359,4,"The subscription price changes dynamically: $ for in-app, TON for crypto",,
360,4,Changing the wallet succeeds,,
361,4,App Store subscription purchase succeeds,,
362,4,Crypto subscription purchase succeeds,,
363,4,Verify that payment is charged automatically after one month for the subscription,,
364,4,"The subscription is shared between wallet versions: on the backend the subscription is tied to the wallet public key, which is the same across several versions",,
365,4,"If an IAP subscription is purchased, it cannot be cancelled on desktop",,
366,3,,,
367,2,PRO features,,
368,3,Multisig Wallet,,
369,4,New multisig wallet,,
370,5,It is possible to create a multisig wallet,,
371,5,If the wallet does not have enough funds for multisig deployment - validation error,,
372,5,"The add wallet page contains ""Participants"", ""Wallet addresses"" blocks with the ""Add Participant"" button, ""Quorum"" + ""Create wallet"" button",,
373,5,Wallet field -> a wallet can be selected,,
374,5,Wallet field -> the wallet can be changed (selected from the list) - arrows can be used to select another management wallet,,
375,5,"Wallet customization - accepts emoji, letters, special characters",,
376,5,Tapping Save opens the PRO wallet main page; the newly created multisig wallet is displayed in the Multisig wallets tab,,
377,5,The created multisig wallet is displayed in the left sidebar with a MULTISIG badge under the host wallet,,
378,5,Wallet and Participants blocks,,
379,6,Wallet field -> selected wallet,,
380,6,Wallet address -> ctrl+c/ctrl+v works in the field,,
381,6,"Wallet address -> [wallet address], hex, dns can be entered",,
382,6,Wallet address -> validation works if the address field is filled incorrectly,,
383,6,Adding 2 identical wallet addresses -> a validation error appears,,
384,6,Adding a wallet address in the wrong format -> a validation error appears,,
385,6,Add participant -> a new wallet address field appears,,
386,5,Editing participants,,
387,6,Multiple Participants can be added,,
388,6,Any participant can be removed,,
389,6,A removed participant can be added again,,
390,5,Quorum block,,
391,6,Default value - 100% of participants,,
392,6,The default value changes dynamically until changed manually,,
393,6,"Options: 1, 2, 3, 4... participants",,
394,6,The selected number of participants is applied and saved,,
395,6,"Fewer participants than wallets can be selected, for example 75% - the wallet is created -> verify that 2 of 3 participants are required to sign",,
396,6,Select 3 participants -> finish adding the wallet -> complete a transaction -> verify that 3 participants are required to sign,,
397,6,Select 1 participant -> finish adding the wallet -> complete a transaction -> verify that 1 participant is required to sign,,
398,6,Adding more participants than addresses -> a validation error appears,,
399,5,Customize block,,
400,6,"After multisig wallet deployment, set icon/color and wallet name",,
401,4,Multisig Wallet functionality,,
402,5,Left toolbar - wallet list with version badges,,
403,5,"Right toolbar - tokens, collectibles, history, swap, Settings, Requests - if multisig is selected in the left toolbar",,
404,5,Verify adding existing multisig wallets,,
405,5,Multisig feature is available only with PRO subscription / trial,,
406,5,Host wallet,,
407,6,Multisig can be created -> host is a regular wallet / multi-account / Ledger / KeyStone / Signer,,
408,5,Transaction signatures,,
409,6,Signing is possible with a regular wallet / multi-account / Ledger / KeyStone / Signer,,
410,5,Multisig Wallets section,,
411,6,The section contains a list of all multisig wallets created under the corresponding host wallet,,
412,6,A multisig wallet can be pinned/unpinned,,
413,6,Tapping Open opens the multisig wallet,,
414,6,"For each multisig, name, address, and balance in TON are displayed",,
415,6,"For host wallets without a multisig, a button to create a multisig wallet and learn more about multisig is displayed",,
416,5,Multisig Settings,,
417,6,Multisig can be customized,,
418,6,Token list,,
419,6,Multisig wallet can be hidden,,
420,5,Requests,,
421,6,While in multisig -> Requests -> empty screen if there were no requests,,
422,6,A list of all requests is displayed,,
423,6,"Columns: created, status, quorum, action",,
424,6,"For orders in progress, Time left hh:mm:ss - countdown",,
425,6,"For orders in progress, the View button is active",,
426,6,"For Expired, Completed orders, the View button is inactive",,
427,6,"The transaction is displayed correctly: correct amount, token",,
428,6,The quorum participant count on the screen matches the count in the modal opened by tapping View,,
429,5,Actions,,
430,6,Sending a transaction -> opens the New Multi Signature Request creation modal,,
431,6,Multisig configuration can be changed (e.g. add/remove a participant) and confirmed in TonkeeperPRO,,
432,6,A transaction is sent from the host multisig wallet (the one used for deployment),,
433,6,A transaction is sent from a non-host multisig wallet (one of the signers),,
434,6,Multisend from multisig works,,
435,6,The dashboard displays multisigs,,
436,6,Standard dialog for creating regular transfers,,
437,6,"For signing existing orders, a dialog like Ton Connect for regular wallets",,
438,6,"For creating orders through Ton Connect, a dialog like Ton Connect for regular wallets",,
439,6,Re-voting is not possible,,
440,6,Cancelling your own signature is not possible,,
441,6,Other signers' voting results are visible to other signers in the wallet when tapping View,,
442,6,"Any multisig participant can complete a transaction, not only the host wallet under which the multisig was created",,
443,6,"The Actions column on the requests screen displays transactions correctly - USDT send, swap, NFT, etc.",,
444,5,New Multi Signature Request,,
445,6,The modal can be closed,,
446,6,The modal leads to selecting the time allowed for signing the transaction,,
447,6,Default is 1 hour,,
448,6,Another time can be selected - the selected time is used for the countdown,,
449,6,The Continue button leads to request creation,,
450,6,Status In Progress,,
451,7,Status is highlighted in green (time),,
452,7,The modal matches the design (opens when tapping View) - the transaction can be signed there,,
453,7,Status stays active until all signers have voted,,
454,7,"After the last signer votes, the status changes to Completed",,
455,7,The number of signers updates dynamically after signing the transaction,,
456,7,All participants can view transaction details and status in the modal by tapping View,,
457,7,Details can be viewed in tonviewer,,
458,6,Status Completed,,
459,7,Status is gray,,
460,7,The modal matches the design (opens when tapping View),,
461,7,All participants can view transaction details and status in the modal by tapping View,,
462,7,Details can be viewed in tonviewer,,
463,6,Status Expired,,
464,7,Status is gray,,
465,7,The modal matches the design (opens when tapping View),,
466,7,"If voting time expires, the status changes to Expired",,
467,7,Buttons for signing the transaction disappear,,
468,7,"All participants can view transaction details, who already signed, and status in the modal by tapping View",,
469,3,,,
470,3,Multi-Wallet Accounts,,
471,4,Tapping New Multi-Wallet Account creates a parent wallet under one master seed phrase,,
472,4,Tapping the gear icon adds child wallets (maximum 3 without PRO subscription),,
473,4,All child wallets are available under the master seed phrase,,
474,4,Each child wallet also has its own seed phrase that gives access only to that wallet,,
475,5,Add button to create Tonkeeper Mnemonic,,
476,6,a blue MULTI label is displayed,,
477,6,edit option for the master wallet,,
478,6,master wallet backup,,
479,6,all child wallets are displayed + badge (ordinal number),,
480,6,all child wallets + badge (ordinal number) are in order,,
481,6,all child wallets display address + balance in TON,,
482,6,edit option for sub-wallets,,
483,6,Tapping Open opens the wallet,,
484,6,Tapping Hide removes the wallet from the menu list,,
485,6,Add New Wallet -> adds a child wallet,,
486,6,"Sign out of a newly added child wallet and sign in again with the master wallet seed phrase -> success, all added wallets are displayed and available for transactions",,
487,3,,,
488,3,Multisend [DESKTOP ONLY],,
489,4,Multiple transactions can be sent at once,,
490,4,Manual input,,
491,5,Multi Send -> New List,,
492,5,"Two rows are added with columns: Recipient, Sum, Comment",,
493,5,More rows can be added manually,,
494,5,Rows can be deleted with the cross button,,
495,5,The sending asset can be changed in the dropdown,,
496,4,Import CSV,,
497,5,A pre-filled CSV file can be imported (Upload),,
498,5,The CSV template is shown as Table Example before import,,
499,5,"After import, all rows and columns are transferred correctly: Recipient, Sum, Asset, Comment",,
500,4,Export CSV,,
501,5,A CSV with filled rows can be exported,,
502,4,"Multisend is sent successfully, all data is sent correctly",,
503,3,,,
504,3,Priority Support,,
505,4,Can be tested on prod Preferences -> Priotity Support,,
506,4,"With an active subscription, users receive a URL with a token for priority support",,
507,4,"Priority support link type ""url"": ""https://t.me/tonkeeper?start=<priority_support_token>""",,
508,4,"When opening the link with a priority support token, the user is directed straight to the operators channel, bypassing the bot",,
509,4,"With an expired subscription or without a subscription, users receive ""url"": ""https://t.me/tonkeeper"" - the priority support token must not be provided",,
510,3,,,
511,3,Free USD₮ TRC20 transfer (1 transfer available / Available every month),,
512,4,Paying the fee with a free transfer succeeds (PRO subscription only),,
513,4,Only 1 free transfer per month is available,,
514,4,For trial - no free transfers should be available,,
515,4,After using a free transfer - it shows when the next one will be available; a second one is not granted,,
516,4,"In the following month, a new free transfer is available for use",,
517,4,An unused free transfer expires,,
518,4,The free transfer bonus is displayed on the status screen (Preferences => Tonkeeper Pro),,
519,4,,,
520,3,Import from Fireblocks,,
521,4,The add wallet modal has a button to add a wallet by private key from Fireblocks,,
522,4,"Import by private key from Fireblocks succeeds, transactions succeed",,
523,4,"Character count validation is present - 64 chars, hex format",,
524,4,If a regular private key is added in the Fireblocks block -> validation error failed to process secret key,,
525,2,,,
526,1,Desktop App [DESKTOP ONLY],,
527,2,Window management,,
528,3,Window can be minimized and restored on macOS,,
529,3,Window can be minimized and restored on Windows,,
530,3,App minimizes to tray on macOS (dock icon behavior),,
531,3,App minimizes to system tray on Windows,,
532,3,Restoring app from tray shows the wallet in the same state as before minimize,,
533,2,Auto-update,,
534,3,Auto-update notification appears when a new version is available,,
535,3,Clicking the update notification triggers the update flow,,
536,3,After update the wallet data and session are preserved,,
537,2,Keychain storage (keytar),,
538,3,Mnemonic/keys are stored in macOS Keychain (not plaintext on disk),,
539,3,Mnemonic/keys are stored in Windows Credential Store (not plaintext on disk),,
540,3,After OS reboot the wallet unlocks correctly using stored keychain credentials,,
541,2,Multi-window behavior,,
542,3,Two desktop windows can be opened simultaneously,,
543,3,No double-spend when the same transaction is initiated from two windows,,
544,3,Wallet state (balance/history) is consistent between two open windows,,
545,3,No state corruption after closing one of two windows,,
546,2,Desktop keyboard shortcuts,,
547,3,Cmd+C copies address in address fields on macOS,,
548,3,Ctrl+C copies address in address fields on Windows,,
549,3,Cmd+V pastes address in address fields on macOS,,
550,3,Ctrl+V pastes address in address fields on Windows,,
551,2,Deep link handling via custom URL scheme,,
552,3,tonkeeper:// deep links open the correct screen on macOS,,
553,3,tonkeeper:// deep links open the correct screen on Windows,,
554,3,Deep link received while app is closed — app opens and handles the link,,
555,3,Deep link received while app is minimized to tray — app restores and handles the link,,
556,2,Badge for pending TC requests,,
557,3,macOS dock badge shows pending Ton Connect request count correctly,,
558,3,Windows taskbar badge shows pending Ton Connect request count correctly,,
559,3,Badge clears after all pending requests are handled or rejected,,
560,2,Window close behavior when tx is pending,,
561,3,Closing the window while a transaction confirmation is pending shows a warning or keeps the confirmation open,,
562,3,Force-quitting the app while a transaction is pending does not corrupt wallet state,,
563,1,,,
564,1,Browser Extension [EXTENSION ONLY],,
565,2,Chrome MV3 service worker lifecycle,,
566,3,Service worker can be killed by the browser and revives on next popup open,,
567,3,Pending Ton Connect request state is preserved after service worker is killed and revived,,
568,3,Wallet session (locked/unlocked) state survives service worker restart,,
569,2,Firefox MV2 background page persistence,,
570,3,Background page remains alive as long as Firefox is open,,
571,3,Pending requests are not lost when switching Firefox tabs,,
572,2,Extension icon badge,,
573,3,Badge shows correct pending request count when a dApp sends a TC request,,
574,3,Badge clears when the pending request is handled or rejected,,
575,3,Badge count is correct when multiple dApp requests arrive simultaneously,,
576,2,Popup while dApp request is pending,,
577,3,Opening the popup while a dApp request is pending shows the request immediately,,
578,3,Requests are queued — each request is handled in order,,
579,2,Multiple simultaneous dApp requests,,
580,3,Multiple simultaneous dApp requests are queued and displayed in order,,
581,3,Approving one request removes it from the queue and shows the next,,
582,3,Rejecting one request removes it from the queue and shows the next,,
583,2,Extension update,,
584,3,After an extension update wallet sessions are preserved,,
585,3,After an extension update storage (accounts and settings) survives,,
586,3,After an extension update connected dApps remain connected,,
587,2,Chrome WebHID for Ledger,,
588,3,Ledger connects via WebHID from the extension popup (not just the web app),,
589,3,Ledger transaction signing works from the extension popup,,
590,2,Content script injection,,
591,3,Content script is injected on dApp pages and the correct origin is passed to the wallet,,
592,3,tonconnect-manifest.json is resolved correctly using the dApp page origin,,
593,2,Phishing and blocked-site handling,,
594,3,Requests from sites on the phishing/blocked list are rejected automatically,,
595,3,User sees an appropriate warning when a blocked site attempts a TC connection,,
596,1,,,
597,1,Web Browser specific [WEB ONLY],,
598,2,Safari clipboard,,
599,3,Copy address in Safari requires an explicit user gesture and works correctly,,
600,3,Paste address in Safari address field works correctly,,
601,2,Chrome clipboard,,
602,3,Paste address in Chrome address field works without extra prompt on HTTPS,,
603,3,Copy address in Chrome works correctly,,
604,2,Page refresh behavior,,
605,3,Page refresh preserves the selected wallet,,
606,3,Page refresh preserves navigation state (user stays on the same screen),,
607,2,Browser back/forward navigation,,
608,3,Browser back button does not break wallet state,,
609,3,Browser forward button does not break wallet state,,
610,3,Back/forward through send flow does not cause double-submission,,
611,2,Multiple browser tabs,,
612,3,Two browser tabs open simultaneously show consistent wallet state,,
613,3,Sending from one tab does not corrupt state in a second open tab,,
614,3,No double-spend when send is initiated from two tabs at the same time,,
615,2,PWA install,,
616,3,PWA install prompt appears in supported browsers (Chrome/Edge),,
617,3,App can be installed as a PWA and opens correctly as a standalone window,,
618,3,Installed PWA retains wallet state after closing and reopening,,
619,2,URL-based deeplinks,,
620,3,"https://app.tonkeeper.com/transfer/... deeplink works in Chrome",,
621,3,"https://app.tonkeeper.com/transfer/... deeplink works in Safari",,
622,3,"https://app.tonkeeper.com/transfer/... deeplink works in Firefox",,
623,2,Safari private browsing,,
624,3,App loads in Safari private browsing mode without errors,,
625,3,Storage limitations in Safari private mode are handled gracefully (no crash),,
626,3,User is informed if persistent storage is unavailable in private mode,,
627,1,Smoke checks [CROSS-PLATFORM SMOKE],,
628,2,Cold start,,
629,3,Open app from clean state or cleared cache — app loads without crash; balance skeleton shown (not $0) during loading,,P0 | Baseline release gate
630,2,Home screen with wallet balance,,
631,3,Home screen shows TON and tokens with working balance refresh,,P0
632,2,Mobile in-app dApp browser,,
633,3,Open dApp browser tab in Mobile build — page loads; TC connect works without crash,,P2 | Mobile only
634,1,Home Screen Specifics,,
635,2,Battery icon display,,
636,3,Battery icon visible and layout unbroken when account has Battery enabled,,P2
637,2,Pull-to-refresh on home,,
638,3,Refreshing home screen updates balance without briefly showing a false intermediate value,,P2
639,2,Balance undefined vs zero distinction,,
640,3,Skeleton shown only when balance is undefined (loading); when balance is 0 the value shows as 0 (not skeleton),,P0
641,3,No false zero flash during initial balance load — no brief $0.00 before real value appears,,P0
642,1,Copy Address specifics,,
643,2,Copy address on Send screen,,
644,3,Tap Copy next to address on Send screen — address is in clipboard; no unwanted navigation triggered,,P1 | Click propagation
645,2,Copy address in Transaction History,,
646,3,Tap Copy on an address row in history — address copied to clipboard; no unwanted actions,,P2
647,1,Ton Connect — signData and edge cases,,
648,2,signData: text payload,,
649,3,Connected dApp requests text signature — confirmation dialog shown; signature returned to dApp,,P0
650,2,signData: binary or cell payload,,
651,3,Connected dApp requests binary or cell type signature — correct dialog shown; correct result returned,,P0
652,2,User rejects TC request,,
653,3,User taps Reject on a sign or send request — error returned to dApp; wallet remains stable and idle,,P1
654,2,Multiple wallets during connect,,
655,3,Connect dApp while wallet B is active (wallet A also present) — no crash; follows product policy,,P2
656,2,Extension background TC confirmation,,
657,3,TC request arrives while Extension popup is closed — notification appears and approve flow completes,,P2 | Extension only
658,2,Bad manifest rejection,,
659,3,TC connect attempt with invalid or unreachable manifest URL — connection rejected with clear error,,P0
660,1,Send — extended scenarios,,
661,2,Failure after sign before broadcast,,
662,3,"Enable airplane mode after signing but before tx broadcast — UI and history stay consistent, no phantom transaction",,P1
663,2,Maximum comment length,,
664,3,Enter maximum-length memo in Send form — accepted or rejected per product rules; no crash,,P2
665,2,Double-tap Send confirm,,
666,3,Tap Confirm twice rapidly on Send confirm screen — at most one transaction sent,,P1
667,2,Wallet switch during active send,,
668,3,Switch wallet while Send flow is in progress — safe abort or blocking; no unintended tx from wrong wallet,,P1
669,2,Network failure mid-send,,
670,3,"Network disconnects while send is in progress — error shown or pending state with recovery; no silent failure",,P1
671,2,Kill app after broadcast,,
672,3,Force-close app after tx is broadcast but before history updates — pending tx visible on reopen; recovers correctly,,P2
673,2,Offline before broadcast,,
674,3,Attempt send with no network before tx reaches chain — clear error message; retry succeeds when network returns,,P0
675,2,Offline after broadcast,,
676,3,Disconnect network immediately after broadcast — tx shows pending then confirmed after sync resumes,,P0
677,2,Reject password or biometrics during send,,
678,3,Decline auth (password or biometric prompt) on a protected send — no transaction created; returns to idle state,,P1
679,1,Swap — extended scenarios,,
680,2,Debounce: fast typing in swap search,,
681,3,"Type T → TO → TON quickly — result list matches the final query only, not intermediate stale responses",,P1
682,2,Unknown token in swap search,,
683,3,Search for a random or unknown token address — empty list or predictable not-found state; no crash,,P1
684,2,Swap via deeplink,,
685,3,Open a swap deeplink URL with a token parameter — token is pre-selected in the swap form,,P1
686,2,Swap initiated from jetton page,,
687,3,Navigate to a jetton detail page and tap Swap — token context is preserved in the swap form,,P1
688,2,Slippage change on quote screen,,
689,3,Change slippage setting on the quote screen — quote is recalculated with new slippage,,P2
690,2,Double-tap swap confirm,,
691,3,Tap Confirm twice rapidly on swap confirm screen — at most one transaction submitted,,P2
692,2,Slow Swap API (3G throttle),,
693,3,Open swap and search under 3G throttle — loader shown throughout; app does not crash,,P1
694,2,Expired swap quote,,
695,3,Wait for quote to expire on confirm screen — re-quote triggered automatically or clear expiry error shown,,P1
696,2,Empty search query in swap,,
697,3,Clear the search field in swap — default API behavior shown (recent/popular tokens); no crash or empty freeze,,P1
698,2,More than 25 tokens in results,,
699,3,Search term matches many tokens — narrowing query surfaces the desired token; no infinite loading,,P1
700,2,Swap search result race condition,,
701,3,"Rapid successive searches — UI shows results for the last query only, earlier stale responses discarded",,P1
702,2,Token change during swap,,
703,3,Change outgoing token while on swap screen — new quote fetched; previous confirm screen invalidated,,P1
704,2,Unstable Swap API recovery,,
705,3,Swap API returns intermittent 5xx errors — user can retry search without restarting the app,,P1
706,1,Staking — stake_meta and notifications,,
707,2,Unstake history with stake_meta (tsTON),,
708,3,Open activity with an unstake tsTON record containing stake_meta — correct amount and ticker shown from stakeMeta,,P0
709,2,Staking history without stake_meta (legacy records),,
710,3,Open an old staking record that has only amount (no stake_meta) — fallback to amount; no crash,,P1
711,2,Both amount and stake_meta present in API response,,
712,3,View staking record where API returns both fields — UI uses stake_meta values,,P1
713,2,Stake row in desktop history,,
714,3,Open a stake transaction row in desktop history view — displayed correctly matching mobile activity format,,P1 | Web/Desktop only
715,2,Unstake completion notification,,
716,3,Unstake completes — notification text matches the activity feed entry,,P1
717,2,Deposit staking record with stake_meta,,
718,3,View a deposit stake record that includes stake_meta in activity feed — displayed correctly,,P2
719,1,Drag and Drop — extended,,
720,2,DnD dApp browser tabs in aside (Desktop/Tablet),,
721,3,Drag and reorder dApp browser tabs in the aside menu — order is saved after reorder,,P2 | Desktop/Web tablet only
722,2,Touch drag on tablet or mobile,,
723,3,Long-press and drag list items on tablet or mobile — no ghost or duplicate elements during drag,,P2
724,2,Cancel drag (drop outside target zone),,
725,3,Begin a drag then release outside the valid drop zone — list state is not corrupted; order unchanged,,P2
726,1,Analytics verification,,
727,2,Analytics events on app start,,
728,3,"Open app and perform several actions on staging with Aptabase — events arrive in dashboard; no console crashes",,P1
729,2,transaction_sent event matrix,,
730,3,"Send TON, jetton, NFT, and multisig transactions on staging — each fires correct event_type and wallet_* properties",,P1
731,2,tc_send_success event,,
732,3,Complete a send via Ton Connect on staging — tc_send_success event includes dapp_url field,,P2
733,2,osName user property,,
734,3,Open app on Web or Extension — osName property present in analytics user properties if platform provides it,,P2
735,2,wallet_network field in events,,
736,3,"Send on mainnet then on testnet — wallet_network field in analytics events is correct for each network",,P2
737,2,Extension analytics from background service worker,,
738,3,Perform action from Extension popup while service worker is active — analytics events appear on staging,,P1 | Extension only
739,2,Aptabase unavailable (Recovery),,
740,3,Block analytics host — send and swap are not blocked; app functions normally without analytics,,P2
741,1,Desktop — Pro features smoke,,
742,2,Pro multisend,,
743,3,With Pro subscription enabled: initiate a multisend to multiple recipients — flow completes without regression,,P2 | Desktop only
744,1,Extension — TC notification UI,,
745,2,Ton Connect notification overlay,,
746,3,Trigger a TC sign or send request with Extension — notification overlay displayed correctly over current page,,P2 | Extension only
747,1,Mobile — extended,,
748,2,dApp browser tab management,,
749,3,Open a new dApp browser tab in Mobile build then close it — no crash and no apparent memory leak,,P1 | Mobile only
750,2,Return from background during active send,,
751,3,Background the Mobile app while send flow is in progress then foreground it — send state is restored correctly,,P2 | Mobile only
752,1,Release checklist,,
753,2,Build version matches release,,
754,3,Check displayed app version string matches the current release notes version,,P0
